<?xml version="1.0" encoding="gb2312"?>
<BEAB2C>
	<ApiURL>https://ebank.hkbea.com.cn/busbank/</ApiURL>					
	<OrderURL>https://ebank.hkbea.com.cn/payment/merpayb2c.do</OrderURL>		
		
	<EnableLog>false</EnableLog>														
	<LogPath>@path.log4j@/log/</LogPath>											
	<SettlementFilePath>@path.resource@/bea</SettlementFilePath>				
	<MerchantCertFile>@path.resource@/bea/0400000008.pfx</MerchantCertFile>			
	<MerchantCertPassword>nishiwode</MerchantCertPassword> 							
	<RootCertFile>@path.resource@/bea/Operation_CA2.cer</RootCertFile>					
    <BankDN>0000000000</BankDN>
</BEAB2C>
