<?xml version="1.0" encoding="gb2312"?>
<!DOCTYPE beans PUBLIC "-//SPRING//DTD BEAN//EN" 
			    "http://www.springframework.org/dtd/spring-beans.dtd">

<beans> 
	 <bean id="propertyConfigurer1" class="org.springframework.beans.factory.config.PropertyPlaceholderConfigurer">       
        <property name="locations">
        <list>
            <value>classpath:conf/bank.properties</value>
			<value>classpath:params/service.properties</value>			
			<value>classpath:params/application.properties</value>
		</list>
        </property>
     </bean>    
     <bean id="interfaceFactory" class="ebank.web.common.util.PartnerFactory"/>
     <bean id="wonderpay" class="ebank.web.common.util.PartnerInterface"></bean>   
     <bean id="alipay" class="ebank.web.common.util.AlipayInterface"></bean>  
     <bean id="PreCard" class="ebank.web.common.util.PreCardInterface"></bean> 
     <bean id="yeepay" class="ebank.web.common.util.YeePayInterface"></bean>
     <bean id="bill" class="ebank.web.common.util.Bill99Interface"></bean>   
     <bean id="chinapnr" class="ebank.web.common.util.ChinaPnrInterface"></bean> 
     <bean id="ips" class="ebank.web.common.util.IPSInterface"></bean>      
     <bean id="reapal" class="ebank.web.common.util.ReaPalInterface"></bean>    
</beans>